Scenario,Route,n,Statistic,p-value,Normal (α=0.05)
1,1 (East-to-West),298,0.6957910890779124,7.22036415530487e-23,No
1,2 (West-to-East),298,0.789392569156705,2.507356516476576e-19,No
2,1 (East-to-West),299,0.7582430715273472,1.186377133826524e-20,No
2,2 (West-to-East),298,0.8685773834438214,2.9670175497117537e-15,No
3,1 (East-to-West),300,0.7533184423588912,7.03244131294722e-21,No
3,2 (West-to-East),300,0.8070546324174416,1.35313790587036e-18,No
4,1 (East-to-West),300,0.6999728347401701,8.407617087327552e-23,No
4,2 (West-to-East),300,0.8778536173620755,1.0052839777683375e-14,No
