Scenario,Route,n,Statistic,p-value,Normal (α=0.05)
1,1 (East-to-West),19904,0.1253610649368212,4.137644503813188e-273,No
1,2 (West-to-East),20023,0.09786224902118656,2.274921352737417e-167,No
2,1 (East-to-West),19992,0.09680048021715648,1.659472808502816e-163,No
2,2 (West-to-East),20105,0.09266705952105248,1.0727148807427149e-150,No
3,1 (East-to-West),20104,0.07517898225789188,2.8988998214472715e-99,No
3,2 (West-to-East),20201,0.06510562895934746,6.890107081001008e-75,No
4,1 (East-to-West),20110,0.07595042792963813,2.4596003511180632e-101,No
4,2 (West-to-East),20210,0.042013832478180246,1.9545878530211286e-31,No
