Scenario,Route,n,Statistic,p-value,Normal (α=0.05)
1,1 (East-to-West),19904,0.8901658462511058,9.515086452502431e-79,No
1,2 (West-to-East),20023,0.8572447275781533,7.984924117344905e-85,No
2,1 (East-to-West),19992,0.9171894066970945,1.093936635385991e-72,No
2,2 (West-to-East),20105,0.8678244597102542,3.7986098081736155e-83,No
3,1 (East-to-West),20104,0.9356259114326505,1.592806630562643e-67,No
3,2 (West-to-East),20201,0.9509821145305755,3.9307737644780605e-62,No
4,1 (East-to-West),20110,0.9407220856520193,7.602206550802437e-66,No
4,2 (West-to-East),20210,0.9779008849848821,1.832200640692804e-47,No
